GENE,CHANGE,P_VALUE
SEC23A,-1.902750902,6.86E-06
KRT12,-4.767189859,6.86E-06
HNRNPL,1.538948079,1.81E-05
SF3A1,1.681608654,5.13E-05
PARP1,-2.536942166,5.13E-05
CIRBP,4.384545862,5.81E-05
KIRREL,-3.457991494,7.97E-05
NUMA1,-1.831967031,8.04E-05
AZGP1,1.066734438,9.29E-05
SEC23B,1.127669727,9.29E-05
RUVBL2,1.330256718,0.000161237
SQRDL,1.463665753,0.000168122
LONP1,-2.884694026,0.00017038
RPL11,-1.22586584,0.00017038
ITIH1,3.774029274,0.000187115
CTNNA1,-2.526728561,0.000187115
PRPH,1.440000706,0.000187115
SYNCRIP,-1.082332719,0.000327644
ATP2A1,1.272173398,0.000328621
CROCC2,-2.110217688,0.000328621
SPTAN1,-1.217721137,0.000328621
VPS35,2.356690265,0.000349501
ACTR2,2.580693273,0.000521361
CAP1,1.017572645,0.00055077
OBSL1,2.87829136,0.000663726
KIF5A,-2.146912072,0.000663726
INA,-1.549293671,0.000663726
ATL3,1.355750014,0.000670104
OGN,1.564417634,0.000746742
ACSL1,1.579747269,0.000930237
VARS,-1.287840638,0.001053431
RBMXL3,1.672533982,0.00132108
APOH,2.479985008,0.00133261
EIF4G1,1.690329626,0.00155134
SERPINA1,-1.482355472,0.001996404
11-Sep,1.059860575,0.002187435
CLTCL1,1.462601084,0.002291088
HSP90AB3P,-1.188162604,0.00246507
COL14A1,-1.359204411,0.002535952
YWHAB,-1.101409066,0.002727356
FLNB,-1.00346374,0.003980159
EFCAB6,-1.530131118,0.004213537
SRI,1.226354907,0.004956624
APEX1,-1.08127743,0.004971146
IFT172,-1.286779108,0.005105936
AP2A2,1.129011018,0.005105936
FUS,1.427102221,0.005689695
DPP3,-1.402633012,0.006608292
EPB41L2,1.020297774,0.006702786
POTEKP,-1.45557428,0.007108337
ACAT1,2.158332864,0.007108337
BDP1,-2.488737163,0.008849163
DDB1,1.93286414,0.010565067
PRMT1,-1.656614772,0.010565067
ITPR2,-1.278744477,0.010565067
KV204,-1.177099639,0.010769367
PHGDH,1.397471737,0.010799327
NARS,1.549757863,0.011016468
SLC25A1,2.521765525,0.011441158
SERPINB9,-1.172138445,0.012295241
HBA1,-1.374070916,0.012387527
FLNA,-1.265246561,0.013330752
HDLBP,-1.437942713,0.014452115
RARS,1.056239323,0.014949541
CCT8,-2.053290471,0.014949541
GSN,-1.430376793,0.01564428
KRT4,-2.421730942,0.01564428
USP5,1.020172124,0.016204451
VIM,-1.163667629,0.01826802
FGA,1.217034242,0.019146243
GSR,-1.661271419,0.019146243
STAT3,1.614587017,0.020325065
MYH11,-1.264217919,0.020325065
COL6A2,-1.102263961,0.021478323
MME,1.266734825,0.021478323
SAE1,1.556072036,0.021555012
STK4,1.614721489,0.022424593
AMBRA1,1.85935841,0.02638408
ETFA,1.255057023,0.026587473
RCC1,1.973255116,0.027256313
FKBP4,-1.465013855,0.027256313
GC,1.072118147,0.028418878
ENPP3,2.580308282,0.028693688
STT3A,1.168063865,0.029289197
HNRNPM,-1.099126611,0.029307552
KRT75,-1.142724387,0.031840024
RPS7,-1.201004393,0.033515313
CST3,1.457932205,0.033515313
PUF60,1.380471188,0.038702311
RPL8,-1.426298471,0.042810542
SLC25A13,1.293466453,0.04321251
SEPT14,-1.094072059,0.046197591